{"cameraMode":{"drawMode":0,"name":"Shaded","section":"Shading Mode"},"sceneLighting":true,"audioPlay":false,"sceneViewState":{"showFog":true,"showMaterialUpdate":false,"showSkybox":true,"showFlares":true,"showImageEffects":true,"showParticleSystems":true},"in2DMode":false,"pivot":{"x":-3.3814210891723635,"y":2.2473721504211427,"z":3.057476043701172},"rotation":{"x":0.004189852625131607,"y":0.0035974334459751846,"z":0.0000161983825819334,"w":-0.9999845623970032},"size":11.051751136779786,"orthographic":false}