{"cameraMode":{"drawMode":0,"name":"Shaded","section":"Shading Mode"},"sceneLighting":true,"audioPlay":false,"sceneViewState":{"showFog":true,"showMaterialUpdate":false,"showSkybox":true,"showFlares":true,"showImageEffects":true,"showParticleSystems":true},"in2DMode":false,"pivot":{"x":2.6961331367492677,"y":0.4903229773044586,"z":-4.876493453979492},"rotation":{"x":-0.00035453453892841935,"y":0.9993426203727722,"z":0.010184002108871937,"w":0.034792155027389529},"size":26.132776260375978,"orthographic":false}